{"train_loss": [2.4713006019592285, 2.3816239493233815, 2.3412112167903354, 2.351315430232457, 2.32026812008449, 2.3059854166848317, 2.2595654215131487, 2.249579702104841, 2.1922238894871304, 2.1666857174464633, 2.156644412449428, 2.1275754996708462], "val_loss": [2.831917643547058, 2.320940852165222, 2.353039264678955, 2.3385825157165527, 2.3205957412719727, 2.331508159637451, 2.3508304357528687, 2.3762667179107666, 2.4037753343582153, 2.4216785430908203, 2.424298644065857, 2.4437261819839478], "train_acc": [10.648148148148149, 12.037037037037036, 10.648148148148149, 9.722222222222221, 9.722222222222221, 12.5, 14.814814814814815, 16.203703703703702, 20.37037037037037, 20.37037037037037, 23.14814814814815, 25.462962962962962], "val_acc": [7.407407407407407, 5.555555555555555, 7.407407407407407, 5.555555555555555, 11.11111111111111, 9.25925925925926, 7.407407407407407, 9.25925925925926, 12.962962962962964, 14.814814814814815, 12.962962962962964, 11.11111111111111]}