{"train_loss": [2.1758274010249545, 2.1505398750305176, 2.1322918278830394, 2.123312847954886, 2.0796757425580705, 2.0894382340567454, 2.1093360355922153, 2.1057500498635426, 2.089169672557286, 2.0763747692108154, 2.069725615637643, 2.086236442838396], "val_loss": [2.1592425107955933, 2.1143664121627808, 2.1336876153945923, 2.1086699962615967, 2.092055082321167, 2.1010929346084595, 2.094374418258667, 2.102764844894409, 2.0993216037750244, 2.1019039154052734, 2.100538492202759, 2.1019243001937866], "train_acc": [10.045662100456621, 14.61187214611872, 11.872146118721462, 12.785388127853881, 14.155251141552512, 11.415525114155251, 11.872146118721462, 13.698630136986301, 11.872146118721462, 11.415525114155251, 13.698630136986301, 14.155251141552512], "val_acc": [12.727272727272727, 9.090909090909092, 9.090909090909092, 9.090909090909092, 10.909090909090908, 10.909090909090908, 9.090909090909092, 9.090909090909092, 9.090909090909092, 9.090909090909092, 5.454545454545454, 9.090909090909092]}