{"train_loss": [2.4722789355686734, 2.36650402205331, 2.2670583043779646, 2.293138469968523, 2.257638760975429, 2.2593112673078264, 2.1699518135615756, 2.158354793276106, 2.113196236746652, 1.986562865121024, 1.9062592131750924, 1.9260416541780745, 1.8213249274662562], "val_loss": [7.417020559310913, 3.603740096092224, 2.7332197427749634, 2.5450267791748047, 2.5077518224716187, 2.4810937643051147, 2.8212629556655884, 2.7832928895950317, 2.5257593393325806, 2.597317934036255, 2.640647292137146, 2.65325665473938, 2.7146406173706055], "train_acc": [7.87037037037037, 11.11111111111111, 14.814814814814815, 13.88888888888889, 15.74074074074074, 14.814814814814815, 17.12962962962963, 18.055555555555557, 22.22222222222222, 27.314814814814813, 31.48148148148148, 29.62962962962963, 31.01851851851852], "val_acc": [11.11111111111111, 9.25925925925926, 5.555555555555555, 5.555555555555555, 7.407407407407407, 7.407407407407407, 5.555555555555555, 9.25925925925926, 7.407407407407407, 9.25925925925926, 9.25925925925926, 7.407407407407407, 5.555555555555555]}