{"train_loss": [2.346008857091268, 2.257267395655314, 2.2173854774898953, 2.201918019188775, 2.21936829884847, 2.192233085632324, 2.2236544026268854, 2.2146590285831027, 2.209853834576077], "val_loss": [2.358549118041992, 2.189772367477417, 2.245100816090902, 2.2232399781545005, 2.219171126683553, 2.222208023071289, 2.250467379887899, 2.2106777826944985, 2.249203681945801], "train_acc": [9.285714285714286, 12.5, 12.857142857142858, 15.0, 7.5, 14.642857142857142, 12.5, 12.857142857142858, 12.142857142857142], "val_acc": [10.0, 10.0, 11.428571428571429, 5.714285714285714, 5.714285714285714, 7.142857142857143, 7.142857142857143, 5.714285714285714, 5.714285714285714]}