{"train_loss": [2.372360255983141, 2.2932583491007485, 2.2291102409362793, 2.222838189866808, 2.2028172810872397, 2.1989977094862194, 2.208138359917535, 2.2093579239315457, 2.1878501574198403, 2.212015469868978, 2.2016217708587646, 2.2132945325639515, 2.192410866419474, 2.1784858968522816, 2.181336137983534], "val_loss": [2.234721024831136, 2.2232278188069663, 2.2402010758717856, 2.2359535694122314, 2.22316567103068, 2.219463348388672, 2.2462390263875327, 2.2146900494893393, 2.229146162668864, 2.221559921900431, 2.2308030128479004, 2.2292374769846597, 2.2386163075764975, 2.2403581142425537, 2.254295031229655], "train_acc": [10.357142857142858, 12.142857142857142, 10.357142857142858, 11.071428571428571, 13.928571428571429, 11.785714285714286, 11.071428571428571, 9.642857142857142, 13.214285714285714, 13.928571428571429, 11.071428571428571, 9.642857142857142, 13.214285714285714, 17.5, 11.071428571428571], "val_acc": [7.142857142857143, 10.0, 7.142857142857143, 8.571428571428571, 7.142857142857143, 7.142857142857143, 7.142857142857143, 7.142857142857143, 7.142857142857143, 7.142857142857143, 7.142857142857143, 10.0, 8.571428571428571, 7.142857142857143, 7.142857142857143]}