{"train_loss": [2.3299194971720376, 2.2400114271375866, 2.212400939729479, 2.212403482860989, 2.2051967249976263, 2.2062962585025363, 2.2062907218933105, 2.1974350611368814, 2.20499414867825, 2.2006270620557995, 2.2011205090416803, 2.1941945552825928, 2.1948914527893066, 2.19525941212972], "val_loss": [2.273102283477783, 2.2223151524861655, 2.2105140686035156, 2.207277536392212, 2.224625031153361, 2.217410087585449, 2.20678718884786, 2.2087189356486, 2.2332265377044678, 2.2302127679189048, 2.2357406616210938, 2.2262074947357178, 2.2466212113698325, 2.217130184173584], "train_acc": [8.571428571428571, 10.357142857142858, 11.785714285714286, 12.142857142857142, 15.357142857142858, 10.357142857142858, 11.071428571428571, 14.285714285714286, 11.071428571428571, 11.785714285714286, 7.857142857142857, 14.285714285714286, 10.357142857142858, 8.928571428571429], "val_acc": [7.142857142857143, 7.142857142857143, 7.142857142857143, 7.142857142857143, 7.142857142857143, 7.142857142857143, 7.142857142857143, 7.142857142857143, 7.142857142857143, 7.142857142857143, 7.142857142857143, 7.142857142857143, 7.142857142857143, 7.142857142857143]}