{"train_loss": [2.2730205740247453, 2.151142495019095, 2.1279474667140414, 2.098734072276524, 2.102846486227853, 2.0909972531454906, 2.0869981220790317, 2.0832450730460033, 2.081657682146345, 2.08125444820949, 2.0815762792314803, 2.085523707526071, 2.0868493148258755], "val_loss": [2.1357392072677612, 2.1739766597747803, 2.17361056804657, 2.1113849878311157, 2.119588613510132, 2.1053385734558105, 2.117158532142639, 2.1271950006484985, 2.1235917806625366, 2.129460573196411, 2.1253490447998047, 2.1250728368759155, 2.123233675956726], "train_acc": [10.95890410958904, 10.045662100456621, 12.785388127853881, 11.872146118721462, 8.219178082191782, 10.95890410958904, 15.068493150684931, 10.95890410958904, 10.045662100456621, 10.502283105022832, 13.698630136986301, 12.785388127853881, 13.242009132420092], "val_acc": [14.545454545454545, 14.545454545454545, 9.090909090909092, 10.909090909090908, 9.090909090909092, 9.090909090909092, 9.090909090909092, 9.090909090909092, 9.090909090909092, 9.090909090909092, 9.090909090909092, 9.090909090909092, 9.090909090909092]}