{
	"train_loss": [
		2.240729979106358, 2.1357341493879045, 2.100000653948103, 2.138683795928955,
		2.1006949969700406, 2.096604790006365, 2.0727255003792897,
		2.0975571359906877, 2.075146266392299
	],
	"val_loss": [
		2.1711641550064087, 2.086815118789673, 2.091388702392578, 2.104737877845764,
		2.1088122129440308, 2.095616340637207, 2.0954301357269287,
		2.095109701156616, 2.095690369606018
	],
	"train_acc": [
		13.698630136986301, 8.67579908675799, 8.67579908675799, 12.785388127853881,
		11.872146118721462, 12.785388127853881, 17.80821917808219,
		15.981735159817351, 15.981735159817351
	],
	"val_acc": [
		7.2727272727272725, 10.909090909090908, 10.909090909090908,
		9.090909090909092, 10.909090909090908, 10.909090909090908,
		10.909090909090908, 10.909090909090908, 12.727272727272727
	]
}
