{
	"train_loss": [
		2.2353686605181013, 2.131483963557652, 2.0832391807011197,
		2.0964135101863315, 2.126455409186227, 2.1090613433292935,
		2.094242674963815, 2.0983074051993236, 2.068922145026071,
		2.0293452569416592, 2.0704393727438792
	],
	"val_loss": [
		2.1505143642425537, 2.1099988222122192, 2.0903643369674683,
		2.079942226409912, 2.098154306411743, 2.130669593811035, 2.1082669496536255,
		2.1561717987060547, 2.099527955055237, 2.1019517183303833,
		2.0974375009536743
	],
	"train_acc": [
		14.545454545454545, 13.181818181818182, 13.636363636363637,
		15.454545454545455, 10.454545454545455, 13.636363636363637,
		14.545454545454545, 13.636363636363637, 12.272727272727273,
		15.909090909090908, 14.545454545454545
	],
	"val_acc": [
		11.11111111111111, 5.555555555555555, 5.555555555555555, 11.11111111111111,
		5.555555555555555, 5.555555555555555, 11.11111111111111, 11.11111111111111,
		5.555555555555555, 9.25925925925926, 14.814814814814815
	]
}
