{
	"train_loss": [
		2.2220896993364607, 2.163354992866516, 2.100440331867763, 2.106412444795881,
		2.0854596751076833, 2.106875249317714, 2.099569320678711, 2.089726311819894,
		2.0924167973654613, 2.0781615461621965, 2.0846622671399797,
		2.079223700932094
	],
	"val_loss": [
		2.219260811805725, 2.107317090034485, 2.1082794666290283, 2.101588010787964,
		2.088714599609375, 2.091438055038452, 2.0937588214874268,
		2.0905847549438477, 2.0910125970840454, 2.091696619987488,
		2.090721011161804, 2.0927563905715942
	],
	"train_acc": [
		14.155251141552512, 11.415525114155251, 11.415525114155251,
		8.67579908675799, 12.785388127853881, 15.068493150684931, 9.58904109589041,
		13.242009132420092, 12.32876712328767, 10.502283105022832,
		13.242009132420092, 12.785388127853881
	],
	"val_acc": [
		12.727272727272727, 9.090909090909092, 10.909090909090908,
		9.090909090909092, 9.090909090909092, 9.090909090909092, 9.090909090909092,
		9.090909090909092, 9.090909090909092, 9.090909090909092, 9.090909090909092,
		9.090909090909092
	]
}
