{"val_loss": [0.8827638030052185, 0.4840793013572693, 0.1981823742389679, 0.07963979989290237, 0.03760948404669762, 0.02154015377163887, 0.014213399030268192, 0.01039236132055521, 0.0078999362885952, 0.006297604646533728, 0.004819449502974749, 0.003573012538254261, 0.002532121492549777, 0.0016998330829665065, 0.0011175184044986963, 0.0006328782183118165, 0.00023311802942771465, 5.217034777160734e-05, 8.04566025180975e-06, 1.159495695901569e-06], "train_loss": [0.33646482303738595, 0.005908753979019821, 0.0004485081881284714, 0.00012730296803056262, 4.571692770696245e-05, 1.192339868794079e-05, 1.4293044841906521e-05, 9.955586392607074e-06, 4.872047475146246e-06, 7.022084128038842e-06, 5.961646456853486e-06, 4.12057511312014e-06, 3.3094839182012946e-06, 3.3307190733466997e-06, 2.981757279485464e-06, 2.0978342263333616e-06, 2.6438980626153353e-06, 2.3238689891513787e-06, 1.3367728570301552e-06, 1.2576329027069733e-06]}