{"val_loss": [0.9283112287521362, 0.49977919459342957, 0.18279068171977997, 0.06371880322694778, 0.02511024847626686, 0.012132654897868633, 0.007148520089685917, 0.004930480848997831, 0.003579877084121108, 0.002706199185922742, 0.0020327791571617126, 0.001544154598377645, 0.001133876503445208, 0.0008433006005361676, 0.0006426481413654983, 0.00044788719969801605, 0.0002565184549894184, 8.941967826103792e-05, 2.070866321446374e-05, 4.18349100073101e-06], "train_loss": [0.3730741448700428, 0.01099609788507223, 0.0010464975377544761, 0.00022195034835021944, 6.465600345109123e-05, 1.2246563710505142e-05, 1.2957934632140678e-05, 1.0380824460298754e-05, 6.47769074930693e-06, 8.718483331904282e-06, 4.0951611481432336e-06, 3.378349401828018e-06, 4.116713125768001e-06, 2.868567116820486e-06, 2.0674727920777514e-06, 2.263230817334261e-06, 3.898170734828454e-06, 2.517643770261202e-06, 3.223235830773774e-06, 3.231320170016261e-06]}