{
	"val_loss": [
		0.9387256503105164, 0.5641140937805176, 0.2512095272541046,
		0.10569169372320175, 0.05055433511734009, 0.0288520697504282,
		0.019193988293409348, 0.014181670732796192, 0.011122136376798153,
		0.008739570155739784, 0.006599253974854946, 0.004731842316687107,
		0.0031590634025633335, 0.002036313759163022, 0.0012801213888451457,
		0.0007318528951145709, 0.00029974651988595724, 7.663452561246231e-5,
		1.4253776498662774e-5, 3.0491444249491906e-6
	],
	"train_loss": [
		0.39135500118136407, 0.011016453988850117, 0.0012041583191603421,
		0.00025226330617442725, 7.881083729444072e-5, 3.6179821472615e-5,
		2.0380017122079153e-5, 8.921380458559725e-6, 1.1744470521080075e-5,
		1.311293035541894e-5, 7.535612166975625e-6, 7.184458809206262e-6,
		7.280075533344643e-6, 6.9951698606018905e-6, 4.597453926180606e-6,
		4.931062994728563e-6, 4.479161725612358e-6, 2.935218753918889e-6,
		2.7395003598940093e-6, 2.7530405304787566e-6
	]
}
