{"val_loss": [0.9709569215774536, 0.6010942459106445, 0.2836458683013916, 0.13088762760162354, 0.06745601445436478, 0.039664287120103836, 0.025985149666666985, 0.018060864880681038, 0.012822207994759083, 0.008935892023146152, 0.0059112077578902245, 0.003757573664188385, 0.0022679478861391544, 0.0013489570701494813, 0.0008218570146709681, 0.00048201269237324595, 0.00019784632604569197, 4.3800973799079657e-05, 5.9352992138883565e-06, 7.897611453699938e-07], "train_loss": [0.38836779072880745, 0.007832882506772876, 0.0005199983745114878, 0.00016129313298733904, 4.2089017006219366e-05, 2.9940370222902856e-05, 1.4059331988391932e-05, 1.2368317402433605e-05, 7.417708707180281e-06, 6.608858211620827e-06, 4.900518570138957e-06, 4.029689534945646e-06, 2.1413428498817664e-06, 9.5457397719656e-07, 5.63627969540903e-07, 1.1782885053435167e-06, 1.534913792511361e-06, 1.0048794820249896e-06, 6.435318709918647e-07, 5.086831720291229e-07]}