{
	"val_loss": [
		0.9417084455490112, 0.6092816591262817, 0.3031196892261505,
		0.14515458047389984, 0.0775325670838356, 0.04850023239850998,
		0.034199804067611694, 0.026124747470021248, 0.021178530529141426,
		0.017490604892373085, 0.014551549218595028, 0.012179993093013763,
		0.009776686318218708, 0.007961736992001534, 0.0062055326998233795,
		0.0042356750927865505, 0.001670673256739974, 0.00032458794885315,
		4.857356907450594e-5, 8.294312465295661e-6
	],
	"train_loss": [
		0.39517613798379897, 0.009203882422298193, 0.0009849096852121875,
		0.00010713933661463671, 5.9584618065855464e-5, 4.470501080504619e-5,
		2.2963189985603093e-5, 1.3103270430292468e-5, 7.554456215075334e-6,
		4.116359104955336e-6, 6.657821404587594e-6, 8.335015900229337e-6,
		5.578214404522441e-6, 8.125426120386692e-6, 6.6042421963175005e-6,
		1.3723393385589588e-5, 1.1118627207906684e-5, 5.714707276638364e-6,
		9.451080541111877e-6, 7.312480465770932e-6
	]
}
