{"val_loss": [0.8485732674598694, 0.3727184534072876, 0.10626328736543655, 0.031031722202897072, 0.01152135245501995, 0.005394426174461842, 0.0031724863220006227, 0.002083871280774474, 0.001416633022017777, 0.001005498692393303, 0.0007161485846154392, 0.0005170046351850033, 0.00035135142388753593, 0.00024250468413811177, 0.00017172392108477652, 0.00011485993309179321, 6.085821223678067e-05, 2.1612964701489545e-05, 5.684776169800898e-06, 1.604667318133579e-06], "train_loss": [0.3660760268568993, 0.006340120336972177, 0.00034819696156773716, 4.3549770634854215e-05, 1.1972291122219759e-05, 4.6712599214515645e-06, 4.33250165770005e-06, 2.1438420844788196e-06, 1.7653648455961957e-06, 1.642447205085773e-06, 1.4273015722210403e-06, 1.5925274624351004e-06, 1.3246950175016536e-06, 1.4233975548449963e-06, 1.2298910064600931e-06, 1.492140518166707e-06, 2.0671004335781617e-06, 1.0736160675151042e-06, 1.0419512705084345e-06, 1.0989499060087837e-06]}