{"val_loss": [0.9490339159965515, 0.5466761589050293, 0.22174429893493652, 0.08386731892824173, 0.03591001033782959, 0.018728794530034065, 0.011757598258554935, 0.008498339913785458, 0.006599299143999815, 0.005311780143529177, 0.004288842901587486, 0.0034497843589633703, 0.0027814465574920177, 0.002151014283299446, 0.0016083776718005538, 0.0009876862168312073, 0.00031618872890248895, 4.785482815350406e-05, 5.921329830016475e-06, 1.0933720204775454e-06], "train_loss": [0.35013848841190337, 0.007492568390443921, 0.0008391256007598713, 0.0001591505773831159, 6.531553226523102e-05, 1.0859233589144423e-05, 1.4260775242291856e-05, 7.03015252838668e-06, 9.140271777141606e-06, 4.090876632290019e-06, 7.4341749950690424e-06, 5.04048221046105e-06, 2.9296447110027655e-06, 3.0228678838284397e-06, 2.8487133477028694e-06, 3.8221157637963184e-06, 3.284268234438059e-06, 7.409456657114788e-07, 1.9235499394198995e-06, 1.6141160813276655e-06]}