{"val_loss": [0.9851818084716797, 0.643966019153595, 0.3136257827281952, 0.14303968846797943, 0.07024253159761429, 0.04031966254115105, 0.02527463063597679, 0.017255304381251335, 0.012357576750218868, 0.009289022535085678, 0.006997890770435333, 0.005425335839390755, 0.003995078150182962, 0.0028794161044061184, 0.001960168359801173, 0.0011329984990879893, 0.0004189439641777426, 8.671147952554747e-05, 1.2887545381090604e-05, 2.1792916413687635e-06], "train_loss": [0.35656401216983796, 0.010309671051800251, 0.0007014316943241283, 0.00016220176621573046, 5.536624594242312e-05, 3.7600091673084535e-05, 2.322177579117124e-05, 7.5603729783324525e-06, 8.196593080356252e-06, 3.842092576178402e-06, 4.623746588094946e-06, 4.6959706423876925e-06, 4.564991968436516e-06, 4.09997661563466e-06, 1.4073678926251887e-06, 2.797228694362275e-06, 3.1020359074318547e-06, 2.861039308754698e-06, 1.9793345813923226e-06, 1.3717956676373434e-06]}