{"val_loss": [0.945951521396637, 0.5092846751213074, 0.18643896281719208, 0.06400590389966965, 0.02596411481499672, 0.013040143065154552, 0.008157636038959026, 0.00556586030870676, 0.00408066064119339, 0.0030878521502017975, 0.0023109843023121357, 0.0016326636541634798, 0.0011170170037075877, 0.0007503755623474717, 0.0004951538285240531, 0.0002883443085011095, 0.00013607834989670664, 4.639367034542374e-05, 1.1486861694720574e-05, 2.905721885326784e-06], "train_loss": [0.39207262471318244, 0.012187445512972772, 0.0008666190318763256, 0.0001274122820177581, 2.7769934604293667e-05, 1.6742259595048382e-05, 1.270894099434372e-05, 5.696077732864069e-06, 4.581107896228787e-06, 4.2551335809548615e-06, 6.674217411273276e-06, 3.5968145084552816e-06, 3.7888494716753483e-06, 2.990393886648235e-06, 3.848387223115424e-06, 3.3863436328829268e-06, 1.911722324621223e-06, 1.9058179987041513e-06, 1.934659508151526e-06, 1.2012025081276079e-06]}