{"val_loss": [0.9417084455490112, 0.6092816591262817, 0.3031196892261505, 0.14515458047389984, 0.0775325670838356, 0.04850023239850998, 0.034199804067611694, 0.026124747470021248, 0.021178530529141426, 0.017490604892373085, 0.014551549218595028, 0.012179993093013763, 0.009776686318218708, 0.007961736992001534, 0.0062055326998233795, 0.0042356750927865505, 0.001670673256739974, 0.00032458794885315, 4.857356907450594e-05, 8.294312465295661e-06], "train_loss": [0.39517613798379897, 0.009203882422298193, 0.0009849096852121875, 0.00010713933661463671, 5.9584618065855464e-05, 4.470501080504619e-05, 2.2963189985603093e-05, 1.3103270430292468e-05, 7.554456215075334e-06, 4.116359104955336e-06, 6.657821404587594e-06, 8.335015900229337e-06, 5.578214404522441e-06, 8.125426120386692e-06, 6.6042421963175005e-06, 1.3723393385589588e-05, 1.1118627207906684e-05, 5.714707276638364e-06, 9.451080541111877e-06, 7.312480465770932e-06]}